{"cameraMode":{"drawMode":0,"name":"Shaded","section":"Shading Mode"},"sceneLighting":true,"audioPlay":false,"sceneViewState":{"m_AlwaysRefresh":false,"showFog":true,"showSkybox":true,"showFlares":true,"showImageEffects":true,"showParticleSystems":true,"showVisualEffectGraphs":true,"m_FxEnabled":true},"in2DMode":false,"pivot":{"x":-2.4191677570343019,"y":5.08336067199707,"z":26.85623550415039},"rotation":{"x":0.0010316267143934966,"y":-0.7259383201599121,"z":0.00108886300586164,"w":0.6877590417861939},"size":5.179337024688721,"orthographic":true}